{"cameraMode":{"drawMode":0,"name":"Shaded","section":"Shading Mode"},"sceneLighting":false,"audioPlay":false,"sceneViewState":{"showFog":true,"showMaterialUpdate":false,"showSkybox":false,"showFlares":true,"showImageEffects":true,"showParticleSystems":true},"in2DMode":false,"pivot":{"x":315.3999938964844,"y":426.17999267578127,"z":0.0},"rotation":{"x":-0.1288701742887497,"y":-0.03509951010346413,"z":0.004558864049613476,"w":-0.9910408854484558},"size":294.4682922363281,"orthographic":false}